park,state
acadia,maine
american samoa,american samoa
arches,utah
badlands,south dakota
big bend,texas
biscayne,florida
black canyon,colorado
bryce canyon,utah
canyonlands,utah
capitol reef,utah
carlsbad canyons,new mexico
channel islands,california
congaree,south carolina
crater lake,oregon
cuyahoga valley,ohio
death valley,"california, nevada"
denali,alaska
dry tortugas,florida
everglades,florida
gates of the arctic,alaska
gateway arch,missouri
glacier,montana
glacier way,alaska
grand canyon,arizona
grand teton,wyoming
great basin,nevada
great sand dunes,colorado
great smoky mountains,"north carolina, tennessee"
guadalupe,texas
haleakala,hawaii
hawai'i volcanoes,hawaii
hot springs,arkansas
indiana dunes,indiana
isle royale,michigan
joshua tree,california
katmai,alaska
kenai fjords,alaska
kings canyon,california
kobuk valley,alaska
lake clark,alaska
lassen volcanic,california
mammoth cave,kentucky
mesa verde,colorado
mount rainier,washington
north cascades,washington
olympic,washington
petrified forest,arizona
pinnacles,california
redwood,california
rocky mounrain,colorado
saguaro,arizona
sequoia,california
shenandoah,virginia
theodore roosevelt,north dakota
virgin islands,virgin islands
voyageurs,minnesota
white sands,new mexico
wind cave,south dakota
wrangell - st elias,alaska
yellowstone,"wyoming, montana, idaho"
yosemite,california
zion,utah
